time,x,y
2024-02-02 16:58:55.502139,55,43
2024-02-02 16:58:55.629651,56,43
2024-02-02 16:58:55.630627,57,43
2024-02-02 16:58:55.631600,57,43
2024-02-02 16:58:55.631600,58,43
2024-02-02 16:58:56.110397,59,43
2024-02-02 16:58:56.468923,38,43
2024-02-02 16:58:56.470875,38,43
2024-02-02 16:58:56.471849,39,43
2024-02-02 16:58:56.842200,69,43
2024-02-02 16:58:56.843857,70,43
2024-02-02 16:58:56.843857,69,43
2024-02-02 16:58:57.941557,56,43
2024-02-02 16:58:57.942529,58,43
2024-02-02 16:58:57.943504,58,43
2024-02-02 16:58:57.944486,57,43
2024-02-02 16:58:58.843988,51,43
2024-02-02 16:58:58.850802,52,43
2024-02-02 16:58:58.852748,52,43
2024-02-02 16:58:58.852748,52,43
2024-02-02 16:58:59.836203,58,43
2024-02-02 16:58:59.837175,59,43
2024-02-02 16:58:59.837175,59,43
2024-02-02 16:59:00.704756,59,43
2024-02-02 16:59:00.705853,58,43
2024-02-02 16:59:00.838393,47,43
2024-02-02 16:59:00.839365,48,43
2024-02-02 16:59:00.841955,48,43
2024-02-02 16:59:00.842944,46,43
2024-02-02 16:59:01.493328,45,43
2024-02-02 16:59:01.628693,46,43
2024-02-02 16:59:01.629658,46,43
2024-02-02 16:59:01.629658,46,43
2024-02-02 16:59:02.267049,44,43
2024-02-02 16:59:03.256227,39,43
2024-02-02 16:59:03.257209,39,43
2024-02-02 16:59:03.257209,38,43
2024-02-02 16:59:03.377878,69,43
2024-02-02 16:59:03.378850,75,94
2024-02-02 16:59:04.593155,76,44
2024-02-02 16:59:04.594145,77,43
2024-02-02 16:59:04.594145,77,43
2024-02-02 16:59:04.594145,76,43
2024-02-02 16:59:04.740806,32,43
2024-02-02 16:59:04.741779,31,43
2024-02-02 16:59:04.743726,31,43
2024-02-02 16:59:04.744699,31,43
2024-02-02 16:59:05.057289,31,43
2024-02-02 16:59:05.058263,32,43
2024-02-02 16:59:05.058263,32,43
2024-02-02 16:59:05.059287,34,43
2024-02-02 16:59:05.268373,59,43
2024-02-02 16:59:05.694579,28,43
2024-02-02 16:59:05.695559,28,43
2024-02-02 16:59:05.696532,28,43
2024-02-02 16:59:05.696532,29,43
2024-02-02 16:59:05.942235,71,43
2024-02-02 16:59:06.723790,33,43
2024-02-02 16:59:06.724767,33,43
2024-02-02 16:59:06.725741,33,43
2024-02-02 16:59:06.726726,33,43
2024-02-02 16:59:06.901076,33,43
2024-02-02 16:59:06.902094,33,43
2024-02-02 16:59:06.902094,34,43
2024-02-02 16:59:07.004033,41,43
2024-02-02 16:59:07.005109,43,43
2024-02-02 16:59:07.006085,44,43
2024-02-02 16:59:07.131601,45,43
2024-02-02 16:59:07.132575,45,43
2024-02-02 16:59:07.132575,45,43
2024-02-02 16:59:07.132575,45,43
2024-02-02 16:59:07.335823,45,43
2024-02-02 16:59:08.824033,62,43
2024-02-02 16:59:08.824033,62,43
2024-02-02 16:59:08.825538,62,43
2024-02-02 16:59:09.099567,50,43
2024-02-02 16:59:09.099567,50,43
2024-02-02 16:59:09.101127,50,43
2024-02-02 16:59:09.101127,50,43
2024-02-02 16:59:09.338463,50,43
2024-02-02 16:59:09.339854,50,43
2024-02-02 16:59:09.339854,50,43
2024-02-02 16:59:09.340829,50,43
2024-02-02 16:59:09.466232,50,43
2024-02-02 16:59:09.467206,49,43
2024-02-02 16:59:09.467206,49,43
2024-02-02 16:59:09.468180,49,43
2024-02-02 16:59:09.569150,49,43
2024-02-02 16:59:09.570123,49,43
2024-02-02 16:59:09.572070,49,43
2024-02-02 16:59:09.685379,49,43
2024-02-02 16:59:09.686353,49,43
2024-02-02 16:59:09.686353,49,43
2024-02-02 16:59:09.792886,49,43
2024-02-02 16:59:09.793961,49,43
2024-02-02 16:59:09.793961,49,43
2024-02-02 16:59:09.795098,49,93
2024-02-02 16:59:09.901688,49,43
2024-02-02 16:59:09.901688,49,43
2024-02-02 16:59:09.902673,49,43
2024-02-02 16:59:10.009241,49,43
2024-02-02 16:59:10.010214,49,43
2024-02-02 16:59:10.010214,49,43
2024-02-02 16:59:10.400522,49,43
2024-02-02 16:59:10.403028,49,43
2024-02-02 16:59:10.403028,49,43
2024-02-02 16:59:10.404009,49,43
2024-02-02 16:59:10.500922,49,43
2024-02-02 16:59:10.502502,49,43
2024-02-02 16:59:10.502502,49,43
2024-02-02 16:59:10.883927,49,43
2024-02-02 16:59:10.884899,49,43
2024-02-02 16:59:10.885873,49,43
2024-02-02 16:59:10.888263,49,43
2024-02-02 16:59:11.000885,49,43
2024-02-02 16:59:11.001890,49,43
2024-02-02 16:59:11.001890,49,43
2024-02-02 16:59:11.002882,49,43
2024-02-02 16:59:11.474329,49,43
2024-02-02 16:59:11.474329,49,43
2024-02-02 16:59:11.475951,49,43
2024-02-02 16:59:11.753373,49,43
2024-02-02 16:59:11.754349,49,43
2024-02-02 16:59:11.754349,49,43
2024-02-02 16:59:11.755307,49,93
2024-02-02 16:59:11.879844,49,43
2024-02-02 16:59:11.880810,49,43
2024-02-02 16:59:11.882756,49,43
2024-02-02 16:59:11.882756,49,43
2024-02-02 16:59:12.116931,49,43
2024-02-02 16:59:12.117904,49,43
2024-02-02 16:59:12.117904,49,43
2024-02-02 16:59:12.341896,49,43
2024-02-02 16:59:12.341896,49,43
2024-02-02 16:59:12.343498,49,43
2024-02-02 16:59:12.612232,49,43
2024-02-02 16:59:12.613314,49,43
2024-02-02 16:59:12.613314,49,43
2024-02-02 16:59:12.614289,49,43
2024-02-02 16:59:13.148622,49,43
2024-02-02 16:59:13.149595,49,43
2024-02-02 16:59:13.149595,49,43
2024-02-02 16:59:13.150569,99,96
2024-02-02 16:59:13.283102,49,43
2024-02-02 16:59:13.284066,49,43
2024-02-02 16:59:13.284066,49,43
2024-02-02 16:59:13.285040,49,43
2024-02-02 16:59:13.614304,49,43
2024-02-02 16:59:13.616260,49,43
2024-02-02 16:59:13.617232,49,43
2024-02-02 16:59:13.741912,49,43
2024-02-02 16:59:13.742885,49,43
2024-02-02 16:59:13.743858,49,43
2024-02-02 16:59:13.743858,49,46
2024-02-02 16:59:14.148817,49,43
2024-02-02 16:59:14.149798,49,43
2024-02-02 16:59:14.152714,49,43
2024-02-02 16:59:14.417523,49,43
2024-02-02 16:59:14.417523,49,43
2024-02-02 16:59:14.419146,49,43
2024-02-02 16:59:14.420120,49,43
2024-02-02 16:59:14.555351,49,43
2024-02-02 16:59:14.556334,49,43
2024-02-02 16:59:14.557300,49,43
2024-02-02 16:59:14.557300,49,43
2024-02-02 16:59:14.959673,49,43
2024-02-02 16:59:14.960638,49,43
2024-02-02 16:59:14.961611,49,43
2024-02-02 16:59:14.961611,49,43
2024-02-02 16:59:15.086150,49,43
2024-02-02 16:59:15.087120,49,43
2024-02-02 16:59:15.088092,49,43
2024-02-02 16:59:15.089721,49,43
2024-02-02 16:59:15.220598,49,43
2024-02-02 16:59:15.222544,49,43
2024-02-02 16:59:15.222544,49,43
2024-02-02 16:59:15.223518,49,43
2024-02-02 16:59:15.456948,49,43
2024-02-02 16:59:15.457922,49,43
2024-02-02 16:59:15.457922,49,43
2024-02-02 16:59:15.585527,49,43
2024-02-02 16:59:15.586499,49,43
2024-02-02 16:59:15.586499,49,43
2024-02-02 16:59:15.587474,49,43
2024-02-02 16:59:15.824960,49,43
2024-02-02 16:59:15.825933,49,43
2024-02-02 16:59:15.826907,49,43
2024-02-02 16:59:15.827876,49,93
2024-02-02 16:59:15.944122,49,43
2024-02-02 16:59:15.945097,49,43
2024-02-02 16:59:15.945097,49,43
2024-02-02 16:59:15.946605,99,93
2024-02-02 16:59:16.054818,49,43
2024-02-02 16:59:16.055792,49,43
2024-02-02 16:59:16.056765,49,43
2024-02-02 16:59:16.186026,49,43
2024-02-02 16:59:16.187000,49,43
2024-02-02 16:59:16.187000,49,43
2024-02-02 16:59:16.187973,49,43
2024-02-02 16:59:16.430411,49,43
2024-02-02 16:59:16.431384,49,43
2024-02-02 16:59:16.431384,49,43
2024-02-02 16:59:16.695757,49,43
2024-02-02 16:59:16.696733,49,43
2024-02-02 16:59:16.696733,49,43
2024-02-02 16:59:16.697706,49,43
2024-02-02 16:59:16.827619,49,43
2024-02-02 16:59:16.828583,49,43
2024-02-02 16:59:16.829558,49,43
2024-02-02 16:59:16.829558,49,43
2024-02-02 16:59:17.216438,49,43
2024-02-02 16:59:17.217947,49,43
2024-02-02 16:59:17.218236,49,43
2024-02-02 16:59:17.218236,99,43
2024-02-02 16:59:17.318835,49,43
2024-02-02 16:59:17.320778,49,43
2024-02-02 16:59:17.322384,49,43
2024-02-02 16:59:17.422460,49,43
2024-02-02 16:59:17.423434,49,43
2024-02-02 16:59:17.424412,49,43
2024-02-02 16:59:17.521160,49,43
2024-02-02 16:59:17.522146,49,43
2024-02-02 16:59:17.522146,49,43
2024-02-02 16:59:17.630889,49,43
2024-02-02 16:59:17.631858,49,43
2024-02-02 16:59:17.631858,49,43
2024-02-02 16:59:17.751643,49,43
2024-02-02 16:59:17.752617,49,43
2024-02-02 16:59:17.753583,49,43
2024-02-02 16:59:17.754557,49,43
2024-02-02 16:59:18.034360,49,43
2024-02-02 16:59:18.037275,49,43
2024-02-02 16:59:18.038246,49,43
2024-02-02 16:59:18.040193,49,43
2024-02-02 16:59:18.301064,49,43
2024-02-02 16:59:18.302039,49,43
2024-02-02 16:59:18.303626,49,43
2024-02-02 16:59:18.305580,99,43
2024-02-02 16:59:18.417535,49,43
2024-02-02 16:59:18.418638,49,43
2024-02-02 16:59:18.418638,49,43
2024-02-02 16:59:18.418638,49,43
2024-02-02 16:59:18.518135,49,43
2024-02-02 16:59:18.519102,49,43
2024-02-02 16:59:18.519102,49,43
2024-02-02 16:59:18.628339,49,43
2024-02-02 16:59:18.629311,49,43
2024-02-02 16:59:18.631256,49,43
2024-02-02 16:59:18.757861,49,43
2024-02-02 16:59:18.758829,49,43
2024-02-02 16:59:18.758829,49,43
2024-02-02 16:59:18.759801,49,93
2024-02-02 16:59:18.891337,49,43
2024-02-02 16:59:18.892324,49,43
2024-02-02 16:59:18.892324,49,43
2024-02-02 16:59:18.893286,49,43
2024-02-02 16:59:19.268937,49,43
2024-02-02 16:59:19.270883,49,43
2024-02-02 16:59:19.272610,49,43
2024-02-02 16:59:19.394132,49,43
2024-02-02 16:59:19.395106,49,43
2024-02-02 16:59:19.396080,49,43
2024-02-02 16:59:19.396080,99,96
2024-02-02 16:59:19.522817,49,43
2024-02-02 16:59:19.525626,49,43
2024-02-02 16:59:19.526600,49,43
2024-02-02 16:59:19.529518,49,43
2024-02-02 16:59:19.759377,49,43
2024-02-02 16:59:19.761322,49,43
2024-02-02 16:59:19.762294,49,43
2024-02-02 16:59:19.763267,49,43
2024-02-02 16:59:19.862451,49,43
2024-02-02 16:59:19.863415,49,43
2024-02-02 16:59:19.864388,49,43
2024-02-02 16:59:19.989137,49,43
2024-02-02 16:59:19.991082,49,43
2024-02-02 16:59:19.992063,49,43
2024-02-02 16:59:19.993036,49,43
2024-02-02 16:59:20.106940,49,43
2024-02-02 16:59:20.107913,49,43
2024-02-02 16:59:20.107913,49,43
2024-02-02 16:59:20.461395,49,43
2024-02-02 16:59:20.463342,49,43
2024-02-02 16:59:20.464315,49,43
2024-02-02 16:59:20.577568,49,43
2024-02-02 16:59:20.578543,49,43
2024-02-02 16:59:20.578543,49,43
2024-02-02 16:59:20.836275,49,43
2024-02-02 16:59:20.837250,49,43
2024-02-02 16:59:20.837250,49,43
2024-02-02 16:59:20.838222,49,43
2024-02-02 16:59:21.101647,49,43
2024-02-02 16:59:21.102622,49,43
2024-02-02 16:59:21.102622,49,43
2024-02-02 16:59:21.102622,49,43
2024-02-02 16:59:21.228273,49,43
2024-02-02 16:59:21.230218,49,43
2024-02-02 16:59:21.231198,49,43
2024-02-02 16:59:21.233091,99,93
2024-02-02 16:59:21.328291,49,43
2024-02-02 16:59:21.329266,49,43
2024-02-02 16:59:21.329266,49,43
2024-02-02 16:59:21.584658,49,43
2024-02-02 16:59:21.585630,49,43
2024-02-02 16:59:21.586603,49,43
2024-02-02 16:59:21.587576,49,43
2024-02-02 16:59:21.699925,49,43
2024-02-02 16:59:21.700899,49,43
2024-02-02 16:59:21.701873,49,43
2024-02-02 16:59:21.703456,49,43
2024-02-02 16:59:21.830131,49,43
2024-02-02 16:59:21.831106,49,43
2024-02-02 16:59:21.831106,49,43
2024-02-02 16:59:21.832078,49,43
2024-02-02 16:59:22.106916,49,43
2024-02-02 16:59:22.107881,49,43
2024-02-02 16:59:22.108854,49,43
2024-02-02 16:59:22.108854,49,43
2024-02-02 16:59:22.233509,49,43
2024-02-02 16:59:22.234483,49,43
2024-02-02 16:59:22.236430,49,43
2024-02-02 16:59:22.236430,49,43
2024-02-02 16:59:22.333060,49,43
2024-02-02 16:59:22.333987,49,43
2024-02-02 16:59:22.333987,49,43
2024-02-02 16:59:22.669246,49,43
2024-02-02 16:59:22.671190,49,43
2024-02-02 16:59:22.672168,49,43
2024-02-02 16:59:23.015751,49,43
2024-02-02 16:59:23.016777,49,43
2024-02-02 16:59:23.016777,49,43
2024-02-02 16:59:23.271395,49,43
2024-02-02 16:59:23.272370,49,43
2024-02-02 16:59:23.272370,49,43
2024-02-02 16:59:23.272370,99,96
2024-02-02 16:59:23.378416,49,43
2024-02-02 16:59:23.380029,49,43
2024-02-02 16:59:23.383929,49,43
2024-02-02 16:59:23.890764,49,43
2024-02-02 16:59:23.892566,49,43
2024-02-02 16:59:23.893543,49,43
2024-02-02 16:59:24.574408,49,43
2024-02-02 16:59:24.575382,49,43
2024-02-02 16:59:24.575382,49,43
2024-02-02 16:59:24.905811,49,43
2024-02-02 16:59:24.906786,49,43
2024-02-02 16:59:24.906786,49,43
2024-02-02 16:59:24.909295,49,43
2024-02-02 16:59:25.116832,49,43
2024-02-02 16:59:25.117861,49,43
2024-02-02 16:59:25.118871,49,43
2024-02-02 16:59:25.245164,49,43
2024-02-02 16:59:25.246136,49,43
2024-02-02 16:59:25.246136,49,43
2024-02-02 16:59:25.247108,49,43
2024-02-02 16:59:25.393987,49,43
2024-02-02 16:59:25.394961,49,43
2024-02-02 16:59:25.394961,49,43
2024-02-02 16:59:25.395934,49,43
2024-02-02 16:59:25.512251,49,43
2024-02-02 16:59:25.513759,49,43
2024-02-02 16:59:25.513759,49,43
2024-02-02 16:59:25.515735,49,43
2024-02-02 16:59:25.658281,49,43
2024-02-02 16:59:25.659247,49,43
2024-02-02 16:59:25.659247,49,43
2024-02-02 16:59:25.659247,49,96
2024-02-02 16:59:25.788517,49,43
2024-02-02 16:59:25.788517,49,43
2024-02-02 16:59:25.789492,49,43
2024-02-02 16:59:25.789492,99,43
2024-02-02 16:59:25.905866,49,43
2024-02-02 16:59:25.906834,49,43
2024-02-02 16:59:25.906834,49,43
2024-02-02 16:59:25.907799,49,43
2024-02-02 16:59:26.118181,49,43
2024-02-02 16:59:26.119188,49,43
2024-02-02 16:59:26.119778,49,43
2024-02-02 16:59:26.254955,49,43
2024-02-02 16:59:26.255931,49,43
2024-02-02 16:59:26.255931,49,43
2024-02-02 16:59:26.256914,49,43
2024-02-02 16:59:26.514293,49,43
2024-02-02 16:59:26.515261,49,43
2024-02-02 16:59:26.516828,49,43
2024-02-02 16:59:26.517809,49,43
2024-02-02 16:59:26.648148,49,43
2024-02-02 16:59:26.649117,49,43
2024-02-02 16:59:26.649117,49,43
2024-02-02 16:59:26.650083,49,43
2024-02-02 16:59:26.755338,49,43
2024-02-02 16:59:26.755338,49,43
2024-02-02 16:59:26.758017,49,43
2024-02-02 16:59:26.995066,49,43
2024-02-02 16:59:26.996033,49,43
2024-02-02 16:59:26.996033,49,43
2024-02-02 16:59:27.123984,49,43
2024-02-02 16:59:27.124949,49,43
2024-02-02 16:59:27.125922,49,43
2024-02-02 16:59:27.125922,49,43
2024-02-02 16:59:27.249703,49,43
2024-02-02 16:59:27.250673,49,43
2024-02-02 16:59:27.253587,49,43
2024-02-02 16:59:27.254560,49,43
2024-02-02 16:59:27.351616,49,43
2024-02-02 16:59:27.351616,49,43
2024-02-02 16:59:27.353315,49,43
2024-02-02 16:59:27.477334,49,43
2024-02-02 16:59:27.477334,49,43
2024-02-02 16:59:27.477334,49,43
2024-02-02 16:59:27.478920,49,43
2024-02-02 16:59:27.587061,49,43
2024-02-02 16:59:27.588034,49,43
2024-02-02 16:59:27.588034,49,43
2024-02-02 16:59:27.793365,49,43
2024-02-02 16:59:27.794340,49,43
2024-02-02 16:59:27.794340,49,43
2024-02-02 16:59:27.901607,49,43
2024-02-02 16:59:27.902589,49,43
2024-02-02 16:59:27.902589,49,43
2024-02-02 16:59:28.147667,49,43
2024-02-02 16:59:28.148649,49,43
2024-02-02 16:59:28.149616,49,43
2024-02-02 16:59:28.149616,99,43
2024-02-02 16:59:28.250766,49,43
2024-02-02 16:59:28.250766,49,43
2024-02-02 16:59:28.252276,49,43
2024-02-02 16:59:28.605596,49,43
2024-02-02 16:59:28.606564,49,43
2024-02-02 16:59:28.608206,49,43
2024-02-02 16:59:28.718792,49,43
2024-02-02 16:59:28.719801,49,43
2024-02-02 16:59:28.719801,49,43
2024-02-02 16:59:28.720790,49,43
2024-02-02 16:59:28.830196,49,43
2024-02-02 16:59:28.831162,49,43
2024-02-02 16:59:28.832136,49,43
2024-02-02 16:59:28.943955,49,43
2024-02-02 16:59:28.943955,49,43
2024-02-02 16:59:28.944927,49,43
2024-02-02 16:59:29.184265,49,43
2024-02-02 16:59:29.185241,49,43
2024-02-02 16:59:29.185241,49,43
2024-02-02 16:59:29.185241,49,43
2024-02-02 16:59:29.316145,49,43
2024-02-02 16:59:29.317119,49,43
2024-02-02 16:59:29.319065,49,43
2024-02-02 16:59:29.320073,49,43
2024-02-02 16:59:29.415452,49,43
2024-02-02 16:59:29.416417,49,43
2024-02-02 16:59:29.416417,49,43
2024-02-02 16:59:29.533022,49,43
2024-02-02 16:59:29.533988,49,43
2024-02-02 16:59:29.533988,49,43
2024-02-02 16:59:29.664393,49,43
2024-02-02 16:59:29.665367,49,43
2024-02-02 16:59:29.665367,49,43
2024-02-02 16:59:29.668288,99,46
2024-02-02 16:59:29.928407,49,43
2024-02-02 16:59:29.929381,49,43
2024-02-02 16:59:29.930353,49,43
2024-02-02 16:59:29.930353,49,96
2024-02-02 16:59:30.063793,49,43
2024-02-02 16:59:30.064760,49,43
2024-02-02 16:59:30.065737,49,43
2024-02-02 16:59:30.066706,49,93
2024-02-02 16:59:30.397974,49,43
2024-02-02 16:59:30.398948,49,43
2024-02-02 16:59:30.398948,49,43
2024-02-02 16:59:30.398948,49,43
2024-02-02 16:59:30.529665,49,43
2024-02-02 16:59:30.531616,49,43
2024-02-02 16:59:30.532587,49,43
2024-02-02 16:59:30.533562,49,43
2024-02-02 16:59:30.662486,49,43
2024-02-02 16:59:30.662486,49,43
2024-02-02 16:59:30.663459,49,43
2024-02-02 16:59:30.663459,49,46
2024-02-02 16:59:30.763347,49,43
2024-02-02 16:59:30.764328,49,43
2024-02-02 16:59:30.765295,49,43
2024-02-02 16:59:30.876547,49,43
2024-02-02 16:59:30.878493,49,43
2024-02-02 16:59:30.878493,49,43
2024-02-02 16:59:31.130690,49,43
2024-02-02 16:59:31.131655,49,43
2024-02-02 16:59:31.131655,49,43
2024-02-02 16:59:31.132639,49,43
2024-02-02 16:59:31.260435,49,43
2024-02-02 16:59:31.262383,49,43
2024-02-02 16:59:31.263358,49,43
2024-02-02 16:59:31.264331,49,43
2024-02-02 16:59:31.393634,49,43
2024-02-02 16:59:31.394608,49,43
2024-02-02 16:59:31.394608,49,43
2024-02-02 16:59:31.394608,49,43
2024-02-02 16:59:31.523659,49,43
2024-02-02 16:59:31.525602,49,43
2024-02-02 16:59:31.528520,49,43
2024-02-02 16:59:31.530468,49,43
2024-02-02 16:59:31.624712,49,43
2024-02-02 16:59:31.625658,49,43
2024-02-02 16:59:31.625658,49,43
2024-02-02 16:59:31.734277,49,43
2024-02-02 16:59:31.735243,49,43
2024-02-02 16:59:31.735243,49,43
2024-02-02 16:59:31.999154,49,43
2024-02-02 16:59:32.000131,49,43
2024-02-02 16:59:32.001778,49,43
2024-02-02 16:59:32.002753,49,43
2024-02-02 16:59:32.132961,49,43
2024-02-02 16:59:32.133935,49,43
2024-02-02 16:59:32.134907,49,43
2024-02-02 16:59:32.134907,49,43
2024-02-02 16:59:32.275299,49,43
2024-02-02 16:59:32.276273,49,43
2024-02-02 16:59:32.277253,49,43
2024-02-02 16:59:32.278220,49,43
2024-02-02 16:59:32.407699,49,43
2024-02-02 16:59:32.407699,49,43
2024-02-02 16:59:32.409359,49,43
2024-02-02 16:59:32.409359,49,43
2024-02-02 16:59:32.525214,49,43
2024-02-02 16:59:32.526190,49,43
2024-02-02 16:59:32.527164,49,43
2024-02-02 16:59:32.528139,49,43
2024-02-02 16:59:32.629548,49,43
2024-02-02 16:59:32.630523,49,43
2024-02-02 16:59:32.631505,49,43
2024-02-02 16:59:32.733490,49,43
2024-02-02 16:59:32.734465,49,43
2024-02-02 16:59:32.734465,49,43
2024-02-02 16:59:32.864695,49,43
2024-02-02 16:59:32.866641,49,43
2024-02-02 16:59:32.866641,49,43
2024-02-02 16:59:32.866641,49,43
2024-02-02 16:59:33.367272,49,43
2024-02-02 16:59:33.369215,49,43
2024-02-02 16:59:33.370189,49,43
2024-02-02 16:59:33.371168,49,43
2024-02-02 16:59:33.466692,49,43
2024-02-02 16:59:33.467665,49,43
2024-02-02 16:59:33.467665,49,43
2024-02-02 16:59:33.886190,49,43
2024-02-02 16:59:33.887164,49,43
2024-02-02 16:59:33.887164,49,43
2024-02-02 16:59:33.887164,99,96
2024-02-02 16:59:34.278737,49,43
2024-02-02 16:59:34.279712,49,43
2024-02-02 16:59:34.279712,48,43
2024-02-02 16:59:34.279712,48,43
2024-02-02 16:59:34.550407,47,43
2024-02-02 16:59:34.551380,47,43
2024-02-02 16:59:34.551380,47,43
2024-02-02 16:59:34.552354,48,43
2024-02-02 16:59:34.670513,48,43
2024-02-02 16:59:34.671486,50,43
2024-02-02 16:59:34.671486,52,43
2024-02-02 16:59:34.671486,54,93
2024-02-02 16:59:35.516820,30,43
2024-02-02 16:59:35.517793,30,43
2024-02-02 16:59:35.518766,32,43
2024-02-02 16:59:36.147379,37,43
2024-02-02 16:59:36.149012,37,43
2024-02-02 16:59:36.149989,37,43
2024-02-02 16:59:36.641904,37,43
2024-02-02 16:59:36.642883,37,43
2024-02-02 16:59:36.642883,37,43
2024-02-02 16:59:36.642883,37,43
2024-02-02 16:59:36.742564,37,43
2024-02-02 16:59:36.743539,37,43
2024-02-02 16:59:36.743539,37,43
2024-02-02 16:59:36.845982,37,43
2024-02-02 16:59:36.846956,37,43
2024-02-02 16:59:36.847928,37,43
2024-02-02 16:59:36.985502,37,43
2024-02-02 16:59:36.986476,37,43
2024-02-02 16:59:36.987450,37,43
2024-02-02 16:59:36.989050,87,93
2024-02-02 16:59:37.113110,37,43
2024-02-02 16:59:37.114084,37,43
2024-02-02 16:59:37.115058,37,43
2024-02-02 16:59:37.116031,37,43
2024-02-02 16:59:37.216570,37,43
2024-02-02 16:59:37.217554,37,43
2024-02-02 16:59:37.217554,37,43
2024-02-02 16:59:37.320199,37,43
2024-02-02 16:59:37.324141,37,43
2024-02-02 16:59:37.324141,37,43
2024-02-02 16:59:37.448550,37,43
2024-02-02 16:59:37.449523,37,43
2024-02-02 16:59:37.449523,37,43
2024-02-02 16:59:37.449523,37,93
2024-02-02 16:59:37.584724,37,43
2024-02-02 16:59:37.586671,37,43
2024-02-02 16:59:37.587645,37,43
2024-02-02 16:59:37.587645,37,43
2024-02-02 16:59:37.718781,37,43
2024-02-02 16:59:37.719763,37,43
2024-02-02 16:59:37.719763,37,43
2024-02-02 16:59:37.720729,37,43
2024-02-02 16:59:37.984876,37,43
2024-02-02 16:59:37.985851,37,43
2024-02-02 16:59:37.985851,37,43
2024-02-02 16:59:37.985851,37,43
2024-02-02 16:59:38.090536,37,43
2024-02-02 16:59:38.091509,37,43
2024-02-02 16:59:38.091509,37,43
2024-02-02 16:59:38.189107,37,43
2024-02-02 16:59:38.189107,37,43
2024-02-02 16:59:38.190080,37,43
2024-02-02 16:59:38.320043,37,43
2024-02-02 16:59:38.321016,37,43
2024-02-02 16:59:38.321016,37,43
2024-02-02 16:59:38.321016,37,43
2024-02-02 16:59:38.708956,37,43
2024-02-02 16:59:38.708956,37,43
2024-02-02 16:59:38.710471,37,43
2024-02-02 16:59:38.710471,37,43
2024-02-02 16:59:38.809487,37,43
2024-02-02 16:59:38.810453,37,43
2024-02-02 16:59:38.810453,37,43
2024-02-02 16:59:38.915893,37,43
2024-02-02 16:59:38.917839,37,43
2024-02-02 16:59:38.917839,37,43
2024-02-02 16:59:39.017655,37,43
2024-02-02 16:59:39.018628,37,43
2024-02-02 16:59:39.018628,37,43
2024-02-02 16:59:39.126124,37,43
2024-02-02 16:59:39.126124,37,43
2024-02-02 16:59:39.127632,37,43
2024-02-02 16:59:39.358181,37,43
2024-02-02 16:59:39.359155,37,43
2024-02-02 16:59:39.359155,37,43
2024-02-02 16:59:39.479284,37,43
2024-02-02 16:59:39.481088,37,43
2024-02-02 16:59:39.482062,37,43
2024-02-02 16:59:39.482062,37,43
2024-02-02 16:59:39.699029,37,43
2024-02-02 16:59:39.700003,37,43
2024-02-02 16:59:39.700003,37,43
2024-02-02 16:59:39.810919,37,43
2024-02-02 16:59:39.811892,37,43
2024-02-02 16:59:39.811892,37,43
2024-02-02 16:59:39.811892,37,43
2024-02-02 16:59:39.927618,37,43
2024-02-02 16:59:39.928604,37,43
2024-02-02 16:59:39.928604,37,43
2024-02-02 16:59:40.282102,37,43
2024-02-02 16:59:40.283077,37,43
2024-02-02 16:59:40.283077,37,43
2024-02-02 16:59:40.390056,37,43
2024-02-02 16:59:40.391030,37,43
2024-02-02 16:59:40.391030,37,43
2024-02-02 16:59:40.630395,37,43
2024-02-02 16:59:40.631403,37,43
2024-02-02 16:59:40.632377,37,43
2024-02-02 16:59:41.017158,37,43
2024-02-02 16:59:41.018130,37,43
2024-02-02 16:59:41.018130,37,43
2024-02-02 16:59:41.018130,37,43
2024-02-02 16:59:41.120752,37,43
2024-02-02 16:59:41.121727,37,43
2024-02-02 16:59:41.121727,37,43
2024-02-02 16:59:41.361912,37,43
2024-02-02 16:59:41.362887,37,43
2024-02-02 16:59:41.362887,37,43
2024-02-02 16:59:41.592967,37,43
2024-02-02 16:59:41.593940,37,43
2024-02-02 16:59:41.593940,37,43
2024-02-02 16:59:41.594913,37,43
2024-02-02 16:59:41.729136,37,43
2024-02-02 16:59:41.730104,37,43
2024-02-02 16:59:41.730104,37,43
2024-02-02 16:59:41.730104,37,43
2024-02-02 16:59:42.069941,37,43
2024-02-02 16:59:42.070915,37,43
2024-02-02 16:59:42.070915,37,43
2024-02-02 16:59:42.290005,37,43
2024-02-02 16:59:42.290970,37,43
2024-02-02 16:59:42.290970,37,43
2024-02-02 16:59:42.404174,37,43
2024-02-02 16:59:42.405147,37,43
2024-02-02 16:59:42.405147,37,43
2024-02-02 16:59:42.536944,37,43
2024-02-02 16:59:42.537918,37,43
2024-02-02 16:59:42.538891,37,43
2024-02-02 16:59:42.539864,37,43
2024-02-02 16:59:42.659287,37,43
2024-02-02 16:59:42.661235,37,43
2024-02-02 16:59:42.661235,37,43
2024-02-02 16:59:42.662208,37,43
2024-02-02 16:59:42.787732,37,43
2024-02-02 16:59:42.788707,37,43
2024-02-02 16:59:42.788707,37,43
2024-02-02 16:59:42.789680,37,43
2024-02-02 16:59:42.902086,37,43
2024-02-02 16:59:42.903052,37,43
2024-02-02 16:59:42.903052,37,43
2024-02-02 16:59:43.132414,37,43
2024-02-02 16:59:43.132414,37,43
2024-02-02 16:59:43.133921,37,43
2024-02-02 16:59:43.372780,37,43
2024-02-02 16:59:43.373754,37,43
2024-02-02 16:59:43.373754,37,43
2024-02-02 16:59:43.476569,37,43
2024-02-02 16:59:43.477542,37,43
2024-02-02 16:59:43.477542,37,43
2024-02-02 16:59:43.860034,37,43
2024-02-02 16:59:43.861006,37,43
2024-02-02 16:59:43.861006,37,43
2024-02-02 16:59:43.861006,37,43
2024-02-02 16:59:43.960881,37,43
2024-02-02 16:59:43.961856,37,43
2024-02-02 16:59:43.961856,37,43
2024-02-02 16:59:44.072969,37,43
2024-02-02 16:59:44.073937,37,43
2024-02-02 16:59:44.074917,37,43
2024-02-02 16:59:44.330463,37,43
2024-02-02 16:59:44.331445,37,43
2024-02-02 16:59:44.331445,37,43
2024-02-02 16:59:44.332412,37,43
2024-02-02 16:59:44.435781,37,43
2024-02-02 16:59:44.436756,37,43
2024-02-02 16:59:44.437730,37,43
2024-02-02 16:59:44.798561,37,43
2024-02-02 16:59:44.799538,37,43
2024-02-02 16:59:44.799538,37,43
2024-02-02 16:59:44.902228,37,43
2024-02-02 16:59:44.903204,37,43
2024-02-02 16:59:44.903204,37,43
2024-02-02 16:59:45.278698,37,43
2024-02-02 16:59:45.279671,37,43
2024-02-02 16:59:45.279671,37,43
2024-02-02 16:59:45.280644,87,40
2024-02-02 16:59:45.806129,37,43
2024-02-02 16:59:45.807104,37,43
2024-02-02 16:59:45.807104,37,43
2024-02-02 16:59:45.807104,37,43
2024-02-02 16:59:46.068405,37,43
2024-02-02 16:59:46.069378,37,43
2024-02-02 16:59:46.069378,37,43
2024-02-02 16:59:46.070352,37,43
2024-02-02 16:59:47.323416,37,43
2024-02-02 16:59:47.324389,37,43
2024-02-02 16:59:47.326251,37,43
2024-02-02 16:59:47.327223,37,43
2024-02-02 16:59:47.455377,37,43
2024-02-02 16:59:47.457316,37,43
2024-02-02 16:59:47.458289,37,43
2024-02-02 16:59:47.459262,37,43
2024-02-02 16:59:47.702637,37,43
2024-02-02 16:59:47.705559,37,43
2024-02-02 16:59:47.706532,37,43
2024-02-02 16:59:47.707506,37,90
2024-02-02 16:59:47.806845,37,43
2024-02-02 16:59:47.808422,37,43
2024-02-02 16:59:47.808422,37,43
2024-02-02 16:59:48.047705,37,43
2024-02-02 16:59:48.048926,37,43
2024-02-02 16:59:48.049903,37,43
2024-02-02 16:59:48.052822,37,40
2024-02-02 16:59:48.167737,37,43
2024-02-02 16:59:48.168710,37,43
2024-02-02 16:59:48.168710,37,43
2024-02-02 16:59:48.169683,87,43
2024-02-02 16:59:48.271290,37,43
2024-02-02 16:59:48.272263,37,43
2024-02-02 16:59:48.272263,37,43
2024-02-02 16:59:48.515360,37,43
2024-02-02 16:59:48.516345,37,43
2024-02-02 16:59:48.516345,37,43
2024-02-02 16:59:48.517988,37,93
2024-02-02 16:59:48.644384,37,43
2024-02-02 16:59:48.645409,37,43
2024-02-02 16:59:48.645409,37,43
2024-02-02 16:59:48.646388,37,43
2024-02-02 16:59:48.776435,37,43
2024-02-02 16:59:48.778393,37,43
2024-02-02 16:59:48.779725,37,43
2024-02-02 16:59:48.782690,37,43
2024-02-02 16:59:48.878267,37,43
2024-02-02 16:59:48.879241,37,43
2024-02-02 16:59:48.879241,37,43
2024-02-02 16:59:49.142035,37,43
2024-02-02 16:59:49.143547,37,43
2024-02-02 16:59:49.145732,37,43
2024-02-02 16:59:49.146713,37,43
2024-02-02 16:59:49.274277,37,43
2024-02-02 16:59:49.275250,37,43
2024-02-02 16:59:49.276223,37,43
2024-02-02 16:59:49.277196,37,43
2024-02-02 16:59:49.379256,37,43
2024-02-02 16:59:49.380231,37,43
2024-02-02 16:59:49.380231,37,43
2024-02-02 16:59:49.512557,37,43
2024-02-02 16:59:49.513530,37,43
2024-02-02 16:59:49.515469,37,43
2024-02-02 16:59:49.516442,37,43
2024-02-02 16:59:49.611273,37,43
2024-02-02 16:59:49.612239,37,43
2024-02-02 16:59:49.613336,37,43
2024-02-02 16:59:49.720706,37,43
2024-02-02 16:59:49.722668,37,43
2024-02-02 16:59:49.723638,37,43
2024-02-02 16:59:50.255056,37,43
2024-02-02 16:59:50.255056,37,43
2024-02-02 16:59:50.256032,37,43
2024-02-02 16:59:50.257006,87,90
2024-02-02 16:59:50.481505,37,43
2024-02-02 16:59:50.482470,37,43
2024-02-02 16:59:50.483444,37,43
2024-02-02 16:59:50.585142,37,43
2024-02-02 16:59:50.586115,37,43
2024-02-02 16:59:50.586115,37,43
2024-02-02 16:59:50.727233,37,43
2024-02-02 16:59:50.729178,37,43
2024-02-02 16:59:50.730152,37,43
2024-02-02 16:59:50.731129,37,43
2024-02-02 16:59:50.957719,37,43
2024-02-02 16:59:50.958684,37,43
2024-02-02 16:59:50.958684,37,43
2024-02-02 16:59:51.078062,37,43
2024-02-02 16:59:51.079047,37,43
2024-02-02 16:59:51.079047,37,43
2024-02-02 16:59:51.080010,37,43
2024-02-02 16:59:51.188133,37,43
2024-02-02 16:59:51.190079,37,43
2024-02-02 16:59:51.190079,37,43
2024-02-02 16:59:51.292817,37,43
2024-02-02 16:59:51.293796,37,43
2024-02-02 16:59:51.293796,37,43
2024-02-02 16:59:51.627696,37,43
2024-02-02 16:59:51.628680,37,43
2024-02-02 16:59:51.629646,37,43
2024-02-02 16:59:51.857943,37,43
2024-02-02 16:59:51.858919,37,43
2024-02-02 16:59:51.858919,37,43
2024-02-02 16:59:51.989812,37,43
2024-02-02 16:59:51.990770,37,43
2024-02-02 16:59:51.992716,37,43
2024-02-02 16:59:51.992716,87,40
2024-02-02 16:59:52.123886,37,43
2024-02-02 16:59:52.124872,37,43
2024-02-02 16:59:52.125836,37,43
2024-02-02 16:59:52.125836,37,43
2024-02-02 16:59:52.222495,37,43
2024-02-02 16:59:52.223468,37,43
2024-02-02 16:59:52.223468,37,43
2024-02-02 16:59:57.965092,37,43
2024-02-02 16:59:57.966066,37,43
2024-02-02 16:59:57.966066,37,43
2024-02-02 16:59:58.069630,37,43
2024-02-02 16:59:58.070603,37,43
2024-02-02 16:59:58.070603,37,43
2024-02-02 16:59:58.071572,37,43
2024-02-02 16:59:58.175717,37,43
2024-02-02 16:59:58.176689,37,43
2024-02-02 16:59:58.176689,37,43
2024-02-02 16:59:58.314366,37,43
2024-02-02 16:59:58.315347,37,43
2024-02-02 16:59:58.315347,37,43
2024-02-02 16:59:58.316321,37,93
2024-02-02 16:59:58.448061,37,43
2024-02-02 16:59:58.449418,37,43
2024-02-02 16:59:58.449418,37,43
2024-02-02 16:59:58.450393,37,43
2024-02-02 16:59:58.574391,37,43
2024-02-02 16:59:58.575365,37,43
2024-02-02 16:59:58.576338,37,43
2024-02-02 16:59:58.577311,37,43
2024-02-02 16:59:58.683722,37,43
2024-02-02 16:59:58.684695,37,43
2024-02-02 16:59:58.684695,37,43
2024-02-02 16:59:58.808528,37,43
2024-02-02 16:59:58.809503,37,43
2024-02-02 16:59:58.809503,37,43
2024-02-02 16:59:58.809503,37,43
2024-02-02 16:59:58.917242,37,43
2024-02-02 16:59:58.918222,37,43
2024-02-02 16:59:58.918222,37,43
2024-02-02 16:59:59.140105,37,43
2024-02-02 16:59:59.140105,37,43
2024-02-02 16:59:59.141078,37,43
2024-02-02 16:59:59.242414,37,43
2024-02-02 16:59:59.243385,37,43
2024-02-02 16:59:59.243385,37,43
2024-02-02 16:59:59.480386,37,43
2024-02-02 16:59:59.481368,37,43
2024-02-02 16:59:59.482341,37,43
2024-02-02 16:59:59.483452,37,93
2024-02-02 16:59:59.580537,37,43
2024-02-02 16:59:59.581516,37,43
2024-02-02 16:59:59.582481,37,43
2024-02-02 16:59:59.713466,37,43
2024-02-02 16:59:59.715406,37,43
2024-02-02 16:59:59.718796,37,43
2024-02-02 16:59:59.720026,87,40
2024-02-02 17:00:00.486570,37,43
2024-02-02 17:00:00.487544,37,43
2024-02-02 17:00:00.487544,37,43
2024-02-02 17:00:00.488517,37,43
2024-02-02 17:00:00.607072,37,43
2024-02-02 17:00:00.608047,37,43
2024-02-02 17:00:00.608047,37,43
2024-02-02 17:00:00.609035,37,93
2024-02-02 17:00:00.853720,37,43
2024-02-02 17:00:00.854613,37,43
2024-02-02 17:00:00.854613,37,43
2024-02-02 17:00:00.957615,37,43
2024-02-02 17:00:00.958589,37,43
2024-02-02 17:00:00.959563,37,43
2024-02-02 17:00:01.079033,37,43
2024-02-02 17:00:01.080009,37,43
2024-02-02 17:00:01.080009,37,43
2024-02-02 17:00:01.080982,37,43
2024-02-02 17:00:01.282507,37,43
2024-02-02 17:00:01.283471,37,43
2024-02-02 17:00:01.283471,37,43
2024-02-02 17:00:01.525154,37,43
2024-02-02 17:00:01.526781,37,43
2024-02-02 17:00:01.527898,37,43
2024-02-02 17:00:01.646888,37,43
2024-02-02 17:00:01.647861,37,43
2024-02-02 17:00:01.647861,37,43
2024-02-02 17:00:01.647861,87,93
2024-02-02 17:00:01.778014,37,43
2024-02-02 17:00:01.778014,37,43
2024-02-02 17:00:01.779631,37,43
2024-02-02 17:00:01.780287,37,43
2024-02-02 17:00:02.613780,37,43
2024-02-02 17:00:02.614764,37,43
2024-02-02 17:00:02.614764,37,43
2024-02-02 17:00:02.615728,37,43
2024-02-02 17:00:02.829641,37,43
2024-02-02 17:00:02.830616,37,43
2024-02-02 17:00:02.831590,37,43
2024-02-02 17:00:02.953022,37,43
2024-02-02 17:00:02.953996,37,43
2024-02-02 17:00:02.954980,37,43
2024-02-02 17:00:02.955943,37,43
2024-02-02 17:00:03.290271,37,43
2024-02-02 17:00:03.290271,37,43
2024-02-02 17:00:03.291892,37,43
2024-02-02 17:00:03.519000,37,43
2024-02-02 17:00:03.519973,37,43
2024-02-02 17:00:03.519973,37,43
2024-02-02 17:00:03.623938,37,43
2024-02-02 17:00:03.624912,37,43
2024-02-02 17:00:03.624912,37,43
2024-02-02 17:00:03.763449,37,43
2024-02-02 17:00:03.764493,37,43
2024-02-02 17:00:03.765489,37,43
2024-02-02 17:00:03.765489,37,43
2024-02-02 17:00:03.894335,37,43
2024-02-02 17:00:03.895318,37,43
2024-02-02 17:00:03.895318,37,43
2024-02-02 17:00:03.896283,37,43
2024-02-02 17:00:04.019367,37,43
2024-02-02 17:00:04.020350,37,43
2024-02-02 17:00:04.020350,37,43
2024-02-02 17:00:04.021313,37,43
2024-02-02 17:00:04.365952,37,43
2024-02-02 17:00:04.367888,37,43
2024-02-02 17:00:04.367888,37,43
2024-02-02 17:00:04.490962,37,43
2024-02-02 17:00:04.491937,37,43
2024-02-02 17:00:04.491937,37,43
2024-02-02 17:00:04.492909,37,43
2024-02-02 17:00:04.638356,37,43
2024-02-02 17:00:04.639319,37,43
2024-02-02 17:00:04.639319,37,43
2024-02-02 17:00:04.640293,37,43
2024-02-02 17:00:04.906965,37,43
2024-02-02 17:00:04.907930,37,43
2024-02-02 17:00:04.907930,37,43
2024-02-02 17:00:04.908903,37,43
2024-02-02 17:00:05.032519,37,43
2024-02-02 17:00:05.033492,37,43
2024-02-02 17:00:05.033492,37,43
2024-02-02 17:00:05.034527,37,43
2024-02-02 17:00:05.162568,37,43
2024-02-02 17:00:05.163542,37,43
2024-02-02 17:00:05.164522,37,43
2024-02-02 17:00:05.168013,37,43
2024-02-02 17:00:05.266084,37,43
2024-02-02 17:00:05.267059,37,43
2024-02-02 17:00:05.267059,37,43
2024-02-02 17:00:05.499055,37,43
2024-02-02 17:00:05.499970,37,43
2024-02-02 17:00:05.500952,37,43
2024-02-02 17:00:05.631562,37,43
2024-02-02 17:00:05.631562,37,43
2024-02-02 17:00:05.633426,37,43
2024-02-02 17:00:05.634415,37,43
2024-02-02 17:00:05.733616,37,43
2024-02-02 17:00:05.733616,37,43
2024-02-02 17:00:05.734589,37,43
2024-02-02 17:00:05.861571,37,43
2024-02-02 17:00:05.862563,37,43
2024-02-02 17:00:05.863618,37,43
2024-02-02 17:00:05.863618,37,43
2024-02-02 17:00:05.997653,37,43
2024-02-02 17:00:05.998882,37,43
2024-02-02 17:00:05.998882,37,43
2024-02-02 17:00:05.999857,87,93
